Entity,slug,ISO2,standard_names
ALA Aland Islands,ala-aland-islands,AX,Aland Islands
Afghanistan,afghanistan,AF,Afghanistan
Albania,albania,AL,Albania
Algeria,algeria,DZ,Algeria
American Samoa,american-samoa,AS,American Samoa
Andorra,andorra,AD,Andorra
Angola,angola,AO,Angola
Anguilla,anguilla,AI,Anguilla
Antarctica,antarctica,AQ,Antarctica
Antigua and Barbuda,antigua-and-barbuda,AG,Antigua and Barbuda
Argentina,argentina,AR,Argentina
Armenia,armenia,AM,Armenia
Aruba,aruba,AW,Aruba
Australia,australia,AU,Australia
Austria,austria,AT,Austria
Azerbaijan,azerbaijan,AZ,Azerbaijan
Bahamas,bahamas,BS,Bahamas
Bahrain,bahrain,BH,Bahrain
Bangladesh,bangladesh,BD,Bangladesh
Barbados,barbados,BB,Barbados
Belarus,belarus,BY,Belarus
Belgium,belgium,BE,Belgium
Belize,belize,BZ,Belize
Benin,benin,BJ,Benin
Bermuda,bermuda,BM,Bermuda
Bhutan,bhutan,BT,Bhutan
Bolivia,bolivia,BO,Bolivia
Bosnia and Herzegovina,bosnia-and-herzegovina,BA,Bosnia and Herzegovina
Botswana,botswana,BW,Botswana
Bouvet Island,bouvet-island,BV,Bouvet Island
Brazil,brazil,BR,Brazil
British Indian Ocean Territory,british-indian-ocean-territory,IO,British Indian Ocean Territory
British Virgin Islands,british-virgin-islands,VG,British Virgin Islands
Brunei Darussalam,brunei,BN,Brunei Darussalam
Bulgaria,bulgaria,BG,Bulgaria
Burkina Faso,burkina-faso,BF,Burkina Faso
Burundi,burundi,BI,Burundi
Cambodia,cambodia,KH,Cambodia
Cameroon,cameroon,CM,Cameroon
Canada,canada,CA,Canada
Cape Verde,cape-verde,CV,Cabo Verde
Cayman Islands,cayman-islands,KY,Cayman Islands
Central African Republic,central-african-republic,CF,Central African Republic
Chad,chad,TD,Chad
Chile,chile,CL,Chile
China,china,CN,China
Christmas Island,christmas-island,CX,Christmas Island
Cocos (Keeling) Islands,cocos-keeling-islands,CC,Cocos (Keeling) Islands
Colombia,colombia,CO,Colombia
Comoros,comoros,KM,Comoros
Congo (Brazzaville),congo-brazzaville,CG,Congo Republic
Congo (Kinshasa),congo-kinshasa,CD,DR Congo
Cook Islands,cook-islands,CK,Cook Islands
Costa Rica,costa-rica,CR,Costa Rica
Croatia,croatia,HR,Croatia
Cuba,cuba,CU,Cuba
Cyprus,cyprus,CY,Cyprus
Czech Republic,czech-republic,CZ,Czech Republic
Côte d'Ivoire,cote-divoire,CI,Cote d'Ivoire
Denmark,denmark,DK,Denmark
Djibouti,djibouti,DJ,Djibouti
Dominica,dominica,DM,Dominica
Dominican Republic,dominican-republic,DO,Dominican Republic
Ecuador,ecuador,EC,Ecuador
Egypt,egypt,EG,Egypt
El Salvador,el-salvador,SV,El Salvador
Equatorial Guinea,equatorial-guinea,GQ,Equatorial Guinea
Eritrea,eritrea,ER,Eritrea
Estonia,estonia,EE,Estonia
Ethiopia,ethiopia,ET,Ethiopia
Falkland Islands (Malvinas),falkland-islands-malvinas,FK,Falkland Islands
Faroe Islands,faroe-islands,FO,Faeroe Islands
Fiji,fiji,FJ,Fiji
Finland,finland,FI,Finland
France,france,FR,France
French Guiana,french-guiana,GF,French Guiana
French Polynesia,french-polynesia,PF,French Polynesia
French Southern Territories,french-southern-territories,TF,French Southern Territories
Gabon,gabon,GA,Gabon
Gambia,gambia,GM,Gambia
Georgia,georgia,GE,Georgia
Germany,germany,DE,Germany
Ghana,ghana,GH,Ghana
Gibraltar,gibraltar,GI,Gibraltar
Greece,greece,GR,Greece
Greenland,greenland,GL,Greenland
Grenada,grenada,GD,Grenada
Guadeloupe,guadeloupe,GP,Guadeloupe
Guam,guam,GU,Guam
Guatemala,guatemala,GT,Guatemala
Guernsey,guernsey,GG,Guernsey
Guinea,guinea,GN,Guinea
Guinea-Bissau,guinea-bissau,GW,Guinea-Bissau
Guyana,guyana,GY,Guyana
Haiti,haiti,HT,Haiti
Heard and Mcdonald Islands,heard-and-mcdonald-islands,HM,Heard and McDonald Islands
Holy See (Vatican City State),holy-see-vatican-city-state,VA,Vatican
Honduras,honduras,HN,Honduras
"Hong Kong, SAR China",hong-kong-sar-china,HK,Hong Kong
Hungary,hungary,HU,Hungary
Iceland,iceland,IS,Iceland
India,india,IN,India
Indonesia,indonesia,ID,Indonesia
"Iran, Islamic Republic of",iran,IR,Iran
Iraq,iraq,IQ,Iraq
Ireland,ireland,IE,Ireland
Isle of Man,isle-of-man,IM,Isle of Man
Israel,israel,IL,Israel
Italy,italy,IT,Italy
Jamaica,jamaica,JM,Jamaica
Japan,japan,JP,Japan
Jersey,jersey,JE,Jersey
Jordan,jordan,JO,Jordan
Kazakhstan,kazakhstan,KZ,Kazakhstan
Kenya,kenya,KE,Kenya
Kiribati,kiribati,KI,Kiribati
Korea (North),korea-north,KP,North Korea
Korea (South),korea-south,KR,South Korea
Kuwait,kuwait,KW,Kuwait
Kyrgyzstan,kyrgyzstan,KG,Kyrgyz Republic
Lao PDR,lao-pdr,LA,Laos
Latvia,latvia,LV,Latvia
Lebanon,lebanon,LB,Lebanon
Lesotho,lesotho,LS,Lesotho
Liberia,liberia,LR,Liberia
Libya,libya,LY,Libya
Liechtenstein,liechtenstein,LI,Liechtenstein
Lithuania,lithuania,LT,Lithuania
Luxembourg,luxembourg,LU,Luxembourg
"Macao, SAR China",macao-sar-china,MO,Macau
"Macedonia, Republic of",macedonia,MK,Macedonia
Madagascar,madagascar,MG,Madagascar
Malawi,malawi,MW,Malawi
Malaysia,malaysia,MY,Malaysia
Maldives,maldives,MV,Maldives
Mali,mali,ML,Mali
Malta,malta,MT,Malta
Marshall Islands,marshall-islands,MH,Marshall Islands
Martinique,martinique,MQ,Martinique
Mauritania,mauritania,MR,Mauritania
Mauritius,mauritius,MU,Mauritius
Mayotte,mayotte,YT,Mayotte
Mexico,mexico,MX,Mexico
"Micronesia, Federated States of",micronesia,FM,"Micronesia, Fed. Sts."
Moldova,moldova,MD,Moldova
Monaco,monaco,MC,Monaco
Mongolia,mongolia,MN,Mongolia
Montenegro,montenegro,ME,Montenegro
Montserrat,montserrat,MS,Montserrat
Morocco,morocco,MA,Morocco
Mozambique,mozambique,MZ,Mozambique
Myanmar,myanmar,MM,Myanmar
Namibia,namibia,,Namibia
Nauru,nauru,NR,Nauru
Nepal,nepal,NP,Nepal
Netherlands,netherlands,NL,Netherlands
Netherlands Antilles,netherlands-antilles,AN,not found
New Caledonia,new-caledonia,NC,New Caledonia
New Zealand,new-zealand,NZ,New Zealand
Nicaragua,nicaragua,NI,Nicaragua
Niger,niger,NE,Niger
Nigeria,nigeria,NG,Nigeria
Niue,niue,NU,Niue
Norfolk Island,norfolk-island,NF,Norfolk Island
Northern Mariana Islands,northern-mariana-islands,MP,Northern Mariana Islands
Norway,norway,NO,Norway
Oman,oman,OM,Oman
Pakistan,pakistan,PK,Pakistan
Palau,palau,PW,Palau
Palestinian Territory,palestine,PS,Palestine
Panama,panama,PA,Panama
Papua New Guinea,papua-new-guinea,PG,Papua New Guinea
Paraguay,paraguay,PY,Paraguay
Peru,peru,PE,Peru
Philippines,philippines,PH,Philippines
Pitcairn,pitcairn,PN,Pitcairn
Poland,poland,PL,Poland
Portugal,portugal,PT,Portugal
Puerto Rico,puerto-rico,PR,Puerto Rico
Qatar,qatar,QA,Qatar
Republic of Kosovo,kosovo,XK,Kosovo
Romania,romania,RO,Romania
Russian Federation,russia,RU,Russia
Rwanda,rwanda,RW,Rwanda
Réunion,réunion,RE,Reunion
Saint Helena,saint-helena,SH,St. Helena
Saint Kitts and Nevis,saint-kitts-and-nevis,KN,St. Kitts and Nevis
Saint Lucia,saint-lucia,LC,St. Lucia
Saint Pierre and Miquelon,saint-pierre-and-miquelon,PM,St. Pierre and Miquelon
Saint Vincent and Grenadines,saint-vincent-and-the-grenadines,VC,St. Vincent and the Grenadines
Saint-Barthélemy,saint-barthélemy,BL,St. Barths
Saint-Martin (French part),saint-martin-french-part,MF,Saint-Martin
Samoa,samoa,WS,Samoa
San Marino,san-marino,SM,San Marino
Sao Tome and Principe,sao-tome-and-principe,ST,Sao Tome and Principe
Saudi Arabia,saudi-arabia,SA,Saudi Arabia
Senegal,senegal,SN,Senegal
Serbia,serbia,RS,Serbia
Seychelles,seychelles,SC,Seychelles
Sierra Leone,sierra-leone,SL,Sierra Leone
Singapore,singapore,SG,Singapore
Slovakia,slovakia,SK,Slovakia
Slovenia,slovenia,SI,Slovenia
Solomon Islands,solomon-islands,SB,Solomon Islands
Somalia,somalia,SO,Somalia
South Africa,south-africa,ZA,South Africa
South Georgia and the South Sandwich Islands,south-georgia-and-the-south-sandwich-islands,GS,South Georgia and South Sandwich Is.
South Sudan,south-sudan,SS,South Sudan
Spain,spain,ES,Spain
Sri Lanka,sri-lanka,LK,Sri Lanka
Sudan,sudan,SD,Sudan
Suriname,suriname,SR,Suriname
Svalbard and Jan Mayen Islands,svalbard-and-jan-mayen-islands,SJ,Svalbard and Jan Mayen Islands
Swaziland,swaziland,SZ,Eswatini
Sweden,sweden,SE,Sweden
Switzerland,switzerland,CH,Switzerland
Syrian Arab Republic (Syria),syria,SY,Syria
"Taiwan, Republic of China",taiwan,TW,Taiwan
Tajikistan,tajikistan,TJ,Tajikistan
"Tanzania, United Republic of",tanzania,TZ,Tanzania
Thailand,thailand,TH,Thailand
Timor-Leste,timor-leste,TL,Timor-Leste
Togo,togo,TG,Togo
Tokelau,tokelau,TK,Tokelau
Tonga,tonga,TO,Tonga
Trinidad and Tobago,trinidad-and-tobago,TT,Trinidad and Tobago
Tunisia,tunisia,TN,Tunisia
Turkey,turkey,TR,Turkey
Turkmenistan,turkmenistan,TM,Turkmenistan
Turks and Caicos Islands,turks-and-caicos-islands,TC,Turks and Caicos Islands
Tuvalu,tuvalu,TV,Tuvalu
US Minor Outlying Islands,us-minor-outlying-islands,UM,United States Minor Outlying Islands
Uganda,uganda,UG,Uganda
Ukraine,ukraine,UA,Ukraine
United Arab Emirates,united-arab-emirates,AE,United Arab Emirates
United Kingdom,united-kingdom,GB,United Kingdom
United States of America,united-states,US,United States
Uruguay,uruguay,UY,Uruguay
Uzbekistan,uzbekistan,UZ,Uzbekistan
Vanuatu,vanuatu,VU,Vanuatu
Venezuela (Bolivarian Republic),venezuela,VE,Venezuela
Viet Nam,vietnam,VN,Vietnam
"Virgin Islands, US",virgin-islands,VI,United States Virgin Islands
Wallis and Futuna Islands,wallis-and-futuna-islands,WF,Wallis and Futuna Islands
Western Sahara,western-sahara,EH,Western Sahara
Yemen,yemen,YE,Yemen
Zambia,zambia,ZM,Zambia
Zimbabwe,zimbabwe,ZW,Zimbabwe
